{
  "best_global_step": null,
  "best_metric": null,
  "best_model_checkpoint": null,
  "epoch": 1.0,
  "eval_steps": 500,
  "global_step": 40,
  "is_hyper_param_search": false,
  "is_local_process_zero": true,
  "is_world_process_zero": true,
  "log_history": [
    {
      "entropy": 3.549750804901123,
      "epoch": 0.25,
      "grad_norm": 0.5412619709968567,
      "learning_rate": 0.00018500000000000002,
      "loss": 3.526506805419922,
      "mean_token_accuracy": 0.4635040074586868,
      "num_tokens": 593.0,
      "step": 10
    },
    {
      "entropy": 3.6733587265014647,
      "epoch": 0.5,
      "grad_norm": 0.7803437113761902,
      "learning_rate": 0.00016833333333333335,
      "loss": 3.6909759521484373,
      "mean_token_accuracy": 0.4101770997047424,
      "num_tokens": 1192.0,
      "step": 20
    },
    {
      "entropy": 3.5457661628723143,
      "epoch": 0.75,
      "grad_norm": 0.9794319868087769,
      "learning_rate": 0.00015166666666666668,
      "loss": 3.334033966064453,
      "mean_token_accuracy": 0.4439063251018524,
      "num_tokens": 1787.0,
      "step": 30
    },
    {
      "entropy": 3.6349793672561646,
      "epoch": 1.0,
      "grad_norm": 1.29340660572052,
      "learning_rate": 0.00013500000000000003,
      "loss": 3.2522274017333985,
      "mean_token_accuracy": 0.4562914311885834,
      "num_tokens": 2382.0,
      "step": 40
    }
  ],
  "logging_steps": 10,
  "max_steps": 120,
  "num_input_tokens_seen": 0,
  "num_train_epochs": 3,
  "save_steps": 500,
  "stateful_callbacks": {
    "TrainerControl": {
      "args": {
        "should_epoch_stop": false,
        "should_evaluate": false,
        "should_log": false,
        "should_save": true,
        "should_training_stop": false
      },
      "attributes": {}
    }
  },
  "total_flos": 636558557184.0,
  "train_batch_size": 2,
  "trial_name": null,
  "trial_params": null
}
